Scenario,Waveform,Modulation,Bandwidth_MHz,IBO_dB,Method,NMSE_dB_before,NMSE_dB_during,NMSE_dB_after,EVM_percent_before,EVM_percent_during,EVM_percent_after,ACPR_dBc_before,ACPR_dBc_during,ACPR_dBc_after,NumAdaptations,Runtime_s,Comments
S0,OFDM-QAM,64QAM,40,2.92256071356476,No_DPD,-5.57983448501292,-3.83938594393018,-4.91454731239935,52.6027290069824,64.2733154256759,56.7901001254875,-23.9710484692398,-16.2074238109865,-19.468071740349,0,3.424320356,"Calibration nominale et référence de performance"
S0,OFDM-QAM,64QAM,40,2.92256071356476,MP_DPD,-21.2131140598654,-20.5122317218567,-20.9075790061924,8.69649590925948,9.42732358011416,9.00784801000148,-36.4581719271282,-33.744293360514,-34.4649640492097,0,3.595589851,"Static MP-DPD baseline"
S0,OFDM-QAM,64QAM,40,2.92256071356476,GMP_DPD,-21.1617790433381,-20.5202747066559,-20.9070633464256,8.74804579460833,9.41859808065874,9.00838279951425,-36.4993998337866,-33.8162476130926,-34.513426592617,0,3.649390632,"Static GMP-DPD baseline"
S0,OFDM-QAM,64QAM,40,2.92256071356476,NN_DPD_Static,-18.962492219097,-18.6464001264706,-18.8212659689131,11.2687407881746,11.6863797239851,11.4534599503512,-33.5961018624913,-32.8382458695136,-32.490893433807,0,23.206771289,"Offline NN-DPD with fixed weights"
S0,OFDM-QAM,64QAM,40,2.92256071356476,NN_DPD_Adaptive,-18.8705578362144,-18.5323156607111,-18.4466211797714,11.3886463791858,11.840886465349,11.9582861379975,-33.4537078440697,-32.6937150410801,-32.2413937902119,1,25.080844408,"Online NN-DPD adaptation"
S1,OFDM-QAM,64QAM,40,2.92256071356476,No_DPD,-5.02594850331355,-1.28508652220481,-0.718563630088172,56.0663875687886,86.247332899265,92.0601797425899,-22.0752359754329,-12.8599803101234,-12.4739461302965,0,3.648132079,"Dérive thermique graduelle du PA"
S1,OFDM-QAM,64QAM,40,2.92256071356476,MP_DPD,-20.4137981815444,-18.0001838462231,-17.0326047874871,9.53476713645191,12.5889876556191,14.0724515021071,-36.1505165726542,-30.591055276847,-30.8143827736969,0,3.70277091,"Static MP-DPD baseline"
S1,OFDM-QAM,64QAM,40,2.92256071356476,GMP_DPD,-20.3755834718414,-18.0380785673672,-17.0738702798008,9.576809010501,12.5341841685771,14.0057537410481,-36.1945712331052,-30.6743991660672,-30.8883692498522,0,3.719010944,"Static GMP-DPD baseline"
S1,OFDM-QAM,64QAM,40,2.92256071356476,NN_DPD_Static,-18.5173400120205,-17.2887721273255,-16.3164339565807,11.8613193648311,13.6634821457757,15.2819333828583,-33.4162632038307,-31.7669041828808,-29.918986385924,0,18.81875914,"Offline NN-DPD with fixed weights"
S1,OFDM-QAM,64QAM,40,2.92256071356476,NN_DPD_Adaptive,-18.4280179315805,-17.2076261586435,-15.0509365636565,11.983925580538,13.7917282745052,17.6788158407694,-33.2769498149689,-31.6275218126713,-29.584606292354,3,21.356351737,"Online NN-DPD adaptation"
S2,OFDM-QAM,64QAM,40,2.92256071356476,No_DPD,-5.57983448501292,-0.286082544731986,-0.265326047026222,52.6027290069824,96.7600029127645,96.9915048648067,-23.9710484692398,-12.0364711731581,-12.1782318738846,0,3.2278906,"Rupture brutale de puissance ou changement d IBO"
S2,OFDM-QAM,64QAM,40,2.92256071356476,MP_DPD,-21.2131140598654,-12.2685954438811,-15.8028858158492,8.69649590925948,24.3539958561797,16.2127135370942,-36.4581719271282,-25.9488791472083,-29.6604469401419,0,3.267453017,"Static MP-DPD baseline"
S2,OFDM-QAM,64QAM,40,2.92256071356476,GMP_DPD,-21.1617790433381,-12.2967743639834,-15.8534227131226,8.74804579460833,24.2751142066117,16.1186573937293,-36.4993998337866,-26.0324839267275,-29.7358607002324,0,3.280190356,"Static GMP-DPD baseline"
S2,OFDM-QAM,64QAM,40,2.92256071356476,NN_DPD_Static,-18.962492219097,-12.382231894452,-15.3451134716509,11.2687407881746,24.0374506309959,17.0900890793675,-33.5961018624913,-29.2927777791829,-29.0020015121491,0,14.756190565,"Offline NN-DPD with fixed weights"
S2,OFDM-QAM,64QAM,40,2.92256071356476,NN_DPD_Adaptive,-18.8705578362144,-12.5359962447307,-13.3776303846255,11.3886463791858,23.6156654492038,21.4347528725298,-33.4537078440697,-29.4502328714169,-29.6945088413578,6,20.524663129,"Online NN-DPD adaptation"
S3,OFDM-QAM,64QAM,40,2.92256071356476,No_DPD,-5.42430762369909,-3.7266602467838,-4.78518596245375,53.5531003877306,65.1128923933219,57.6422204300535,-24.4762977825885,-15.6258748009382,-20.0168083556137,0,3.279862854,"Variation des effets mémoire du PA"
S3,OFDM-QAM,64QAM,40,2.92256071356476,MP_DPD,-16.6578211991092,-16.2283885042786,-16.5694550482717,14.6929479479774,15.4376281153639,14.8431900314877,-37.1311581804135,-32.9988802717787,-35.1757290642717,0,3.317702757,"Static MP-DPD baseline"
S3,OFDM-QAM,64QAM,40,2.92256071356476,GMP_DPD,-16.6231455419424,-16.2385190000088,-16.5621395873422,14.7517221191417,15.4196334519418,14.8556965818169,-37.1749092660883,-33.0677938762273,-35.2271153698411,0,3.331878731,"Static GMP-DPD baseline"
S3,OFDM-QAM,64QAM,40,2.92256071356476,NN_DPD_Static,-15.7655104113085,-15.4134122893537,-15.7128331759482,16.2826271948863,16.9562333842589,16.3816763425924,-34.2663213571503,-32.0484127202721,-33.1991593783044,0,14.529185151,"Offline NN-DPD with fixed weights"
S3,OFDM-QAM,64QAM,40,2.92256071356476,NN_DPD_Adaptive,-15.7247091859703,-15.4797856345883,-15.1854727234846,16.3592933720452,16.8271558952454,17.4070975779858,-34.0361290657539,-31.9382302027312,-33.0556503082178,5,19.209040718,"Online NN-DPD adaptation"
S4,OFDM-QAM,64QAM,40,2.92256071356476,No_DPD,-5.12131701949812,-1.49628051689649,-1.02023274349805,55.4541622837843,84.1755522136993,88.917729151263,-22.1765012666718,-12.8614446648935,-12.4895137697024,0,3.034665454,"Vieillissement lent du PA"
S4,OFDM-QAM,64QAM,40,2.92256071356476,MP_DPD,-20.879145492539,-18.8988454029263,-18.3936909143989,9.03738378052618,11.3516170030527,12.0313802903395,-36.1093452839071,-30.7661445794459,-31.0831412688346,0,3.063281209,"Static MP-DPD baseline"
S4,OFDM-QAM,64QAM,40,2.92256071356476,GMP_DPD,-20.8278764575769,-18.9240025402657,-18.4182990809851,9.09088527549906,11.3187866262738,11.9973421874673,-36.1532368647291,-30.849337339142,-31.156462333626,0,3.075331898,"Static GMP-DPD baseline"
S4,OFDM-QAM,64QAM,40,2.92256071356476,NN_DPD_Static,-18.7677468813016,-17.8591417261758,-17.2479470754609,11.5242495994896,12.7950772917362,13.7278538278781,-33.3608122056159,-31.7239203269121,-30.0611107942274,0,13.488842471,"Offline NN-DPD with fixed weights"
S4,OFDM-QAM,64QAM,40,2.92256071356476,NN_DPD_Adaptive,-18.6757331057746,-17.7703998317188,-15.99640209881,11.6469804023431,12.9264719587778,15.8554982874312,-33.2225101421351,-31.5879104154066,-29.6217647713767,3,15.996666601,"Online NN-DPD adaptation"
S5,OFDM-QAM,64QAM,40,2.92256071356476,No_DPD,-4.75340330630929,-2.57930154811123,-4.03315846161156,57.8535262178965,74.3078888136221,62.8553250901577,-22.3065400521228,-14.0631634617116,-21.0458300060338,0,3.244386717,"Variation de charge, désadaptation ou effet VSWR"
S5,OFDM-QAM,64QAM,40,2.92256071356476,MP_DPD,-11.3543865105287,-11.3006029479239,-11.3547807161085,27.0570643463469,27.2251231303057,27.0558364003162,-36.1000501964758,-32.1443294958205,-34.5904439304046,0,3.274737935,"Static MP-DPD baseline"
S5,OFDM-QAM,64QAM,40,2.92256071356476,GMP_DPD,-11.3498896983837,-11.3020840658619,-11.3544270318323,27.071075811076,27.2204810979847,27.0569381203633,-36.143959286106,-32.2165563224079,-34.633362833494,0,3.286213735,"Static GMP-DPD baseline"
S5,OFDM-QAM,64QAM,40,2.92256071356476,NN_DPD_Static,-11.1105858945706,-11.067443045227,-11.0643424426574,27.8272766250859,27.9658386560654,27.975823405269,-33.349939418359,-32.3293790762562,-32.4800636188546,0,13.887328258,"Offline NN-DPD with fixed weights"
S5,OFDM-QAM,64QAM,40,2.92256071356476,NN_DPD_Adaptive,-11.0980620691066,-11.0956045601112,-10.977867399509,27.8674285654917,27.8753142454095,28.255736378904,-33.2060108162734,-32.2371633971635,-32.2983800961053,4,16.780756691,"Online NN-DPD adaptation"
S6,OFDM-QAM,64QAM,40,2.92256071356476,No_DPD,-5.16313763146942,-1.24274276708463,-0.36188895557578,55.1878046611725,86.6688156058672,95.9192009463181,-22.4682078155237,-14.7359193665711,-10.9695914771805,0,3.202465868,"Dérive combinée thermique + puissance + mémoire + charge"
S6,OFDM-QAM,64QAM,40,2.92256071356476,MP_DPD,-14.1706238215977,-14.0464590768333,-12.8225188044426,19.564502504059,19.8461854917575,22.8493610306341,-35.938269292623,-32.615753423765,-28.6774326857885,0,3.232620535,"Static MP-DPD baseline"
S6,OFDM-QAM,64QAM,40,2.92256071356476,GMP_DPD,-14.1426350285962,-14.0650979156056,-12.8321348412734,19.6276474476876,19.8036437072657,22.8240787939843,-35.9830282317529,-32.6947217859489,-28.7529322552452,0,3.243564111,"Static GMP-DPD baseline"
S6,OFDM-QAM,64QAM,40,2.92256071356476,NN_DPD_Static,-13.5938791431944,-13.7130524910491,-12.4982322890145,20.9076895516088,20.622787912085,23.7185636548257,-33.1260306274267,-32.6711342881053,-28.004837861625,0,13.760141317,"Offline NN-DPD with fixed weights"
S6,OFDM-QAM,64QAM,40,2.92256071356476,NN_DPD_Adaptive,-13.5738362175892,-13.708595750455,-11.6150933809304,20.955990317784,20.6333722049541,26.2570137114042,-32.9483401556855,-32.6760123125914,-28.452441521775,7,19.229824382,"Online NN-DPD adaptation"
S7,5GNR,256QAM,50,2.92256071356476,No_DPD,-4.13020895766456,-2.15480300232804,-0.376196766573427,62.1569294393013,78.0296843134545,95.7613283345868,-19.4915466625224,-14.2797380612832,-11.9341106505293,0,26.862219263,"Stress test 5G NR avec variation de bande, modulation et numérologie"
S7,5GNR,256QAM,50,2.92256071356476,MP_DPD,-13.7554798457708,-13.4193218087792,-11.9682667280229,20.5222988549396,21.3321146704847,25.2108021178723,-34.8277295622026,-31.1393287263288,-27.1130442684506,0,26.900333181,"Static MP-DPD baseline"
S7,5GNR,256QAM,50,2.92256071356476,GMP_DPD,-13.7105038621485,-13.4006288304763,-11.9731832447177,20.6288399743755,21.3780731352527,25.1965359619041,-35.1458252575543,-31.4224250214418,-27.1808273272789,0,26.915695311,"Static GMP-DPD baseline"
S7,5GNR,256QAM,50,2.92256071356476,NN_DPD_Static,-13.263641021982,-13.2313905090054,-11.8888509453177,21.7179059914815,21.798693977407,25.4423634740873,-31.7763307976744,-30.1288660915412,-27.1532039766079,0,41.093642497,"Offline NN-DPD with fixed weights"
S7,5GNR,256QAM,50,2.92256071356476,NN_DPD_Adaptive,-13.2254108640841,-13.2106226485386,-12.0584356241074,21.8137060640775,21.8508767589297,24.9504405746242,-31.56817454401,-30.5802893849158,-28.4015682367716,9,47.806039414,"Online NN-DPD adaptation"
S8,OFDM-QAM,64QAM,40,2.92256071356476,No_DPD,-5.16313763146942,-1.24274276708463,-0.36188895557578,55.1878046611725,86.6688156058672,95.9192009463181,-22.4682078155237,-14.7359193665711,-10.9695914771805,0,3.134433539,"Optimisation de la politique d adaptation par RL ou heuristique"
S8,OFDM-QAM,64QAM,40,2.92256071356476,MP_DPD,-14.1706238215977,-14.0464590768333,-12.8225188044426,19.564502504059,19.8461854917575,22.8493610306341,-35.938269292623,-32.615753423765,-28.6774326857885,0,3.163203051,"Static MP-DPD baseline"
S8,OFDM-QAM,64QAM,40,2.92256071356476,GMP_DPD,-14.1426350285962,-14.0650979156056,-12.8321348412734,19.6276474476876,19.8036437072657,22.8240787939843,-35.9830282317529,-32.6947217859489,-28.7529322552452,0,3.174952474,"Static GMP-DPD baseline"
S8,OFDM-QAM,64QAM,40,2.92256071356476,NN_DPD_Static,-13.5938791431944,-13.7130524910491,-12.4982322890145,20.9076895516088,20.622787912085,23.7185636548257,-33.1260306274267,-32.6711342881053,-28.004837861625,0,13.499812687,"Offline NN-DPD with fixed weights"
S8,OFDM-QAM,64QAM,40,2.92256071356476,RL_Adaptive_Policy,-13.4584783261303,-13.7209994108737,-11.5099751896824,21.2361646403756,20.6039282788753,26.5767114089771,-32.9743456510868,-32.5956858062149,-27.8800601253208,3,17.350384359,"Online NN-DPD adaptation"
