Scenario,Waveform,Modulation,Bandwidth_MHz,IBO_dB,Method,NMSE_dB_before,NMSE_dB_during,NMSE_dB_after,EVM_percent_before,EVM_percent_during,EVM_percent_after,ACPR_dBc_before,ACPR_dBc_during,ACPR_dBc_after,NumAdaptations,Runtime_s,Comments,Seed
S2,OFDM-QAM,64QAM,40,2.92256071356476,No_DPD,-5.53038399724699,-1.33521393968372,-0.68834790291487,52.9030608610798,85.7510216545982,92.3809884697508,-22.4624629442869,-12.7983816683879,-13.5174316301008,0,3.170818833,"Rupture brutale de puissance ou changement d IBO",1
S2,OFDM-QAM,64QAM,40,2.92256071356476,MP_DPD,-19.9796095139285,-12.1809345522611,-14.452609783133,10.0235029909628,24.6010289684534,18.9395436680743,-34.3068105359807,-26.7371655653527,-26.0843878731386,0,3.36803939,"Static MP-DPD baseline",1
S2,OFDM-QAM,64QAM,40,2.92256071356476,GMP_DPD,-19.1548669603125,-12.4392013405675,-14.3838163160337,11.0219047094029,23.8803085002282,19.0901431138232,-34.4388339929845,-30.2032143677736,-26.0692040157893,0,3.414465843,"Static GMP-DPD baseline",1
S2,OFDM-QAM,64QAM,40,2.92256071356476,NN_DPD_Static,-18.158765780966,-12.3446614835036,-15.0664127326815,12.361230675239,24.1416486932538,17.6473444828361,-31.3925945343361,-29.3905183440125,-28.4791647254531,0,20.74312683,"Offline NN-DPD with fixed weights",1
S2,OFDM-QAM,64QAM,40,2.92256071356476,NN_DPD_Adaptive,-18.000398567295,-12.5087689047478,-15.6826346179334,12.5886764511686,23.6898087568131,16.4387302539129,-30.7261147393192,-29.2979618891625,-29.1488302457404,6,26.323290893,"Online NN-DPD adaptation",1
S6,OFDM-QAM,64QAM,40,2.92256071356476,No_DPD,-5.1236963584785,-2.63823866788402,-0.886007534747412,55.4389737210407,73.8053878151202,90.3024686980973,-20.9286846974402,-17.0585771768048,-12.7623586526609,0,3.49476731,"Dérive combinée thermique + puissance + mémoire + charge",1
S6,OFDM-QAM,64QAM,40,2.92256071356476,MP_DPD,-13.955766394508,-13.4375199017319,-12.1604279182253,20.0544926891403,21.2874678425381,24.6591784856399,-33.7960338588758,-29.9931002988746,-25.5539018593766,0,3.512394677,"Static MP-DPD baseline",1
S6,OFDM-QAM,64QAM,40,2.92256071356476,GMP_DPD,-13.7778531240826,-13.5385116841917,-12.1729000150621,20.4695051532743,21.0413895033116,24.6237957012351,-33.9595414602018,-33.1714613154379,-25.5408469596205,0,3.526629495,"Static GMP-DPD baseline",1
S6,OFDM-QAM,64QAM,40,2.92256071356476,NN_DPD_Static,-13.2887555449446,-13.4994840584937,-12.3086074003132,21.6552011804306,21.1361458473195,24.2420660393199,-30.905705447029,-31.8420594587781,-27.6059603870831,0,14.626529509,"Offline NN-DPD with fixed weights",1
S6,OFDM-QAM,64QAM,40,2.92256071356476,NN_DPD_Adaptive,-13.2357770498175,-13.5649212643771,-12.5623000269001,21.7876879983254,20.9775099994809,23.5442574850424,-30.1431189428952,-31.6767122456975,-28.1700420211245,6,19.267019832,"Online NN-DPD adaptation",1
S7,5GNR,256QAM,50,2.92256071356476,No_DPD,-4.13020895766456,-2.15480300232804,-0.376196766573427,62.1569294393013,78.0296843134545,95.7613283345868,-19.4915466625224,-14.2797380612832,-11.9341106505293,0,10.543559378,"Stress test 5G NR avec variation de bande, modulation et numérologie",1
S7,5GNR,256QAM,50,2.92256071356476,MP_DPD,-13.7554798457708,-13.4193218087792,-11.9682667280229,20.5222988549396,21.3321146704847,25.2108021178723,-34.8277295622026,-31.1393287263288,-27.1130442684506,0,10.582611238,"Static MP-DPD baseline",1
S7,5GNR,256QAM,50,2.92256071356476,GMP_DPD,-13.7105038621485,-13.4006288304763,-11.9731832447177,20.6288399743755,21.3780731352527,25.1965359619041,-35.1458252575543,-31.4224250214418,-27.1808273272789,0,10.598105591,"Static GMP-DPD baseline",1
S7,5GNR,256QAM,50,2.92256071356476,NN_DPD_Static,-13.3457303422576,-13.5297657625505,-12.0994184939431,21.5136194834883,21.0625869893159,24.8329935254685,-31.6511589715388,-31.113672428708,-27.9286713866907,0,25.499813907,"Offline NN-DPD with fixed weights",1
S7,5GNR,256QAM,50,2.92256071356476,NN_DPD_Adaptive,-13.3085816142735,-13.5383433574165,-12.360801826151,21.6058282415659,21.0417972754233,24.096829717953,-31.4460241096133,-31.4596367872554,-29.2541842046244,9,32.136211451,"Online NN-DPD adaptation",1
S8,OFDM-QAM,64QAM,40,2.92256071356476,No_DPD,-5.1236963584785,-2.63823866788402,-0.886007534747412,55.4389737210407,73.8053878151202,90.3024686980973,-20.9286846974402,-17.0585771768048,-12.7623586526609,0,3.112794342,"Optimisation de la politique d adaptation par RL ou heuristique",1
S8,OFDM-QAM,64QAM,40,2.92256071356476,MP_DPD,-13.955766394508,-13.4375199017319,-12.1604279182253,20.0544926891403,21.2874678425381,24.6591784856399,-33.7960338588758,-29.9931002988746,-25.5539018593766,0,3.14126864,"Static MP-DPD baseline",1
S8,OFDM-QAM,64QAM,40,2.92256071356476,GMP_DPD,-13.7778531240826,-13.5385116841917,-12.1729000150621,20.4695051532743,21.0413895033116,24.6237957012351,-33.9595414602018,-33.1714613154379,-25.5408469596205,0,3.152550571,"Static GMP-DPD baseline",1
S8,OFDM-QAM,64QAM,40,2.92256071356476,NN_DPD_Static,-13.2887555449446,-13.4994840584937,-12.3086074003132,21.6552011804306,21.1361458473195,24.2420660393199,-30.905705447029,-31.8420594587781,-27.6059603870831,0,13.563345083,"Offline NN-DPD with fixed weights",1
S8,OFDM-QAM,64QAM,40,2.92256071356476,RL_Adaptive_Policy,-13.2263157263905,-13.6428422522969,-12.4950116667604,21.8114337151181,20.7901626679948,23.727359840461,-30.1564558492237,-31.7670296389514,-28.0020734437183,3,17.421173541,"Online NN-DPD adaptation",1
S2,OFDM-QAM,64QAM,40,2.92256071356476,No_DPD,-5.58486295949081,-1.25629645132286,-0.329738181958263,52.5722848107077,86.5336808316835,96.2749032599167,-24.1723551622976,-13.8038556356513,-12.7034045690364,0,2.836568819,"Rupture brutale de puissance ou changement d IBO",2
S2,OFDM-QAM,64QAM,40,2.92256071356476,MP_DPD,-20.0436071760307,-12.5865848088971,-14.560418118979,9.94992119780206,23.4785222950067,18.705920921481,-35.5053941491711,-31.0494690697929,-25.3518564788125,0,2.870924198,"Static MP-DPD baseline",2
S2,OFDM-QAM,64QAM,40,2.92256071356476,GMP_DPD,-19.8803173178945,-12.6937265097696,-15.2111806637648,10.1387434562187,23.1906902124723,17.3556533328226,-35.408396093693,-31.7322042198533,-28.5211416341069,0,2.882759315,"Static GMP-DPD baseline",2
S2,OFDM-QAM,64QAM,40,2.92256071356476,NN_DPD_Static,-19.0180956135598,-12.6317683252258,-15.5267443625299,11.1968334779329,23.3567054406994,16.7364283217457,-32.3347901915302,-30.3939887310084,-30.1482378187926,0,13.491567796,"Offline NN-DPD with fixed weights",2
S2,OFDM-QAM,64QAM,40,2.92256071356476,NN_DPD_Adaptive,-18.8762530331559,-12.7399746504227,-15.7838478994529,11.381181476066,23.0675392092067,16.2482878771683,-32.1680392258668,-30.3735601148359,-30.4821424890348,6,17.674059695,"Online NN-DPD adaptation",2
S6,OFDM-QAM,64QAM,40,2.92256071356476,No_DPD,-5.14322410005211,-2.25622167947505,-0.427419968297664,55.3144750280621,77.1238881339156,95.1982580290361,-22.5366760140617,-18.3208345563135,-12.0827503251281,0,3.131781975,"Dérive combinée thermique + puissance + mémoire + charge",2
S6,OFDM-QAM,64QAM,40,2.92256071356476,MP_DPD,-13.9202144254509,-13.781037502031,-12.2411542826033,20.1367453838567,20.4620020998703,24.4310586263911,-35.135700518089,-34.9275551103493,-24.4044583128703,0,3.160972057,"Static MP-DPD baseline",2
S6,OFDM-QAM,64QAM,40,2.92256071356476,GMP_DPD,-13.8691215790023,-13.8405502931393,-12.5864602619866,20.2555444474738,20.3222825536377,23.4788589557867,-35.0594106734572,-35.1964323420839,-27.6089225594263,0,3.172047334,"Static GMP-DPD baseline",2
S6,OFDM-QAM,64QAM,40,2.92256071356476,NN_DPD_Static,-13.5370076340164,-13.7724731144275,-12.5608435001786,21.0450333494889,20.4821878205502,23.5482059252159,-31.9080391948377,-32.5858953696385,-29.1335386727529,0,13.617993798,"Offline NN-DPD with fixed weights",2
S6,OFDM-QAM,64QAM,40,2.92256071356476,NN_DPD_Adaptive,-13.4957840783635,-13.7506667340958,-12.6354116962026,21.1451512551311,20.5336740269476,23.3469103245519,-31.7121636108287,-32.3806467098122,-29.4104381250241,6,18.161523813,"Online NN-DPD adaptation",2
S7,5GNR,256QAM,50,2.92256071356476,No_DPD,-4.13020895766456,-2.15480300232804,-0.376196766573427,62.1569294393013,78.0296843134545,95.7613283345868,-19.4915466625224,-14.2797380612832,-11.9341106505293,0,4.70427102,"Stress test 5G NR avec variation de bande, modulation et numérologie",2
S7,5GNR,256QAM,50,2.92256071356476,MP_DPD,-13.7554798457708,-13.4193218087792,-11.9682667280229,20.5222988549396,21.3321146704847,25.2108021178723,-34.8277295622026,-31.1393287263288,-27.1130442684506,0,4.739397829,"Static MP-DPD baseline",2
S7,5GNR,256QAM,50,2.92256071356476,GMP_DPD,-13.7105038621485,-13.4006288304763,-11.9731832447177,20.6288399743755,21.3780731352527,25.1965359619041,-35.1458252575543,-31.4224250214418,-27.1808273272789,0,4.754965077,"Static GMP-DPD baseline",2
S7,5GNR,256QAM,50,2.92256071356476,NN_DPD_Static,-13.4004491274096,-13.5439676974261,-12.0427289530051,21.3785154324961,21.0281765734162,24.9955992076855,-31.8411906345252,-30.9575585065339,-27.5859882044775,0,19.25314016,"Offline NN-DPD with fixed weights",2
S7,5GNR,256QAM,50,2.92256071356476,NN_DPD_Adaptive,-13.3597464333422,-13.5073601642408,-12.2737751432144,21.4789317653261,21.1169889072399,24.3394770473891,-31.6226603190628,-31.2915835449334,-28.8843956837371,9,25.905135018,"Online NN-DPD adaptation",2
S8,OFDM-QAM,64QAM,40,2.92256071356476,No_DPD,-5.14322410005211,-2.25622167947505,-0.427419968297664,55.3144750280621,77.1238881339156,95.1982580290361,-22.5366760140617,-18.3208345563135,-12.0827503251281,0,3.118518176,"Optimisation de la politique d adaptation par RL ou heuristique",2
S8,OFDM-QAM,64QAM,40,2.92256071356476,MP_DPD,-13.9202144254509,-13.781037502031,-12.2411542826033,20.1367453838567,20.4620020998703,24.4310586263911,-35.135700518089,-34.9275551103493,-24.4044583128703,0,3.150781278,"Static MP-DPD baseline",2
S8,OFDM-QAM,64QAM,40,2.92256071356476,GMP_DPD,-13.8691215790023,-13.8405502931393,-12.5864602619866,20.2555444474738,20.3222825536377,23.4788589557867,-35.0594106734572,-35.1964323420839,-27.6089225594263,0,3.161382055,"Static GMP-DPD baseline",2
S8,OFDM-QAM,64QAM,40,2.92256071356476,NN_DPD_Static,-13.5370076340164,-13.7724731144275,-12.5608435001786,21.0450333494889,20.4821878205502,23.5482059252159,-31.9080391948377,-32.5858953696385,-29.1335386727529,0,13.609896043,"Offline NN-DPD with fixed weights",2
S8,OFDM-QAM,64QAM,40,2.92256071356476,RL_Adaptive_Policy,-13.4045978977766,-13.7645516375899,-12.6368808258033,21.3683065332195,20.5008759677383,23.3429617668431,-31.7531656864628,-32.4594108010592,-29.3942092983684,3,16.206398504,"Online NN-DPD adaptation",2
S2,OFDM-QAM,64QAM,40,2.92256071356476,No_DPD,-5.27895799162922,-0.630517062893568,-0.458353328279048,54.4567978373831,92.9981152197173,94.8598281600969,-21.9385116532594,-13.203091362444,-12.486502006714,0,2.848931031,"Rupture brutale de puissance ou changement d IBO",3
S2,OFDM-QAM,64QAM,40,2.92256071356476,MP_DPD,-20.3334838239527,-12.6273842111815,-14.5919942442007,9.62333952977951,23.3684974748209,18.6380420741593,-35.680738669038,-30.9849612713825,-28.3028657821944,0,2.879255721,"Static MP-DPD baseline",3
S2,OFDM-QAM,64QAM,40,2.92256071356476,GMP_DPD,-20.4963430024016,-12.7385396802827,-14.4573998125092,9.4445843547522,23.0713504439539,18.9291019097906,-35.4186995008658,-31.2067222221539,-27.5471443359485,0,2.889711793,"Static GMP-DPD baseline",3
S2,OFDM-QAM,64QAM,40,2.92256071356476,NN_DPD_Static,-19.3811294653459,-12.6291604734213,-15.5897268424394,10.7384976574096,23.363719111586,16.6155093010709,-32.283415545799,-29.644271303615,-29.0953637955873,0,13.22931792,"Offline NN-DPD with fixed weights",3
S2,OFDM-QAM,64QAM,40,2.92256071356476,NN_DPD_Adaptive,-19.2364928899066,-12.7828925444056,-14.0116343212892,10.918811173545,22.9538412007595,19.9259154846723,-32.1875650407877,-29.6267750635338,-27.7538095986435,6,17.955484206,"Online NN-DPD adaptation",3
S6,OFDM-QAM,64QAM,40,2.92256071356476,No_DPD,-4.79450535313327,-1.33286030158136,-0.581250577340908,57.5804072696067,85.7742609803944,93.5271005969521,-20.3788519764094,-16.0200962104555,-11.6635516499145,0,3.112224046,"Dérive combinée thermique + puissance + mémoire + charge",3
S6,OFDM-QAM,64QAM,40,2.92256071356476,MP_DPD,-13.9869552270758,-13.8479285579436,-12.3046251223287,19.9826112100769,20.3050270367643,24.2531830099069,-35.1372197686999,-34.1926369632535,-27.6715744922823,0,3.143535072,"Static MP-DPD baseline",3
S6,OFDM-QAM,64QAM,40,2.92256071356476,GMP_DPD,-13.9954607105447,-13.9666521538967,-12.1942522517645,19.963053215707,20.029374750887,24.5633381752874,-34.9123765360378,-34.1792582642878,-26.993406283606,0,3.154463898,"Static GMP-DPD baseline",3
S6,OFDM-QAM,64QAM,40,2.92256071356476,NN_DPD_Static,-13.6441713992487,-13.874204680319,-12.592717196625,20.7869815238252,20.2436940938857,23.4619519039496,-31.8658802064235,-31.8353114817544,-28.1096769308885,0,13.613079751,"Offline NN-DPD with fixed weights",3
S6,OFDM-QAM,64QAM,40,2.92256071356476,NN_DPD_Adaptive,-13.6109497524557,-13.8790500038249,-11.7409937140582,20.8666394664705,20.2324045314354,25.8791682614553,-31.7795445970812,-31.7353784867255,-26.8849494416126,6,18.088858692,"Online NN-DPD adaptation",3
S7,5GNR,256QAM,50,2.92256071356476,No_DPD,-4.13020895766456,-2.15480300232804,-0.376196766573427,62.1569294393013,78.0296843134545,95.7613283345868,-19.4915466625224,-14.2797380612832,-11.9341106505293,0,4.623153228,"Stress test 5G NR avec variation de bande, modulation et numérologie",3
S7,5GNR,256QAM,50,2.92256071356476,MP_DPD,-13.7554798457708,-13.4193218087792,-11.9682667280229,20.5222988549396,21.3321146704847,25.2108021178723,-34.8277295622026,-31.1393287263288,-27.1130442684506,0,4.662208462,"Static MP-DPD baseline",3
S7,5GNR,256QAM,50,2.92256071356476,GMP_DPD,-13.7105038621485,-13.4006288304763,-11.9731832447177,20.6288399743755,21.3780731352527,25.1965359619041,-35.1458252575543,-31.4224250214418,-27.1808273272789,0,4.67726682,"Static GMP-DPD baseline",3
S7,5GNR,256QAM,50,2.92256071356476,NN_DPD_Static,-13.2129320895829,-13.3637954466796,-11.8933235432247,21.8450677277723,21.4689214822861,25.4292658901048,-31.6978023111996,-30.9503703209462,-27.4615068660408,0,19.216190707,"Offline NN-DPD with fixed weights",3
S7,5GNR,256QAM,50,2.92256071356476,NN_DPD_Adaptive,-13.1752096086298,-13.4262161799613,-12.2318545111848,21.9401463193541,21.3151891545445,24.4572303766827,-31.4779510984867,-30.9937313005134,-28.314440141637,9,25.389942802,"Online NN-DPD adaptation",3
S8,OFDM-QAM,64QAM,40,2.92256071356476,No_DPD,-4.79450535313327,-1.33286030158136,-0.581250577340908,57.5804072696067,85.7742609803944,93.5271005969521,-20.3788519764094,-16.0200962104555,-11.6635516499145,0,3.117434404,"Optimisation de la politique d adaptation par RL ou heuristique",3
S8,OFDM-QAM,64QAM,40,2.92256071356476,MP_DPD,-13.9869552270758,-13.8479285579436,-12.3046251223287,19.9826112100769,20.3050270367643,24.2531830099069,-35.1372197686999,-34.1926369632535,-27.6715744922823,0,3.147026983,"Static MP-DPD baseline",3
S8,OFDM-QAM,64QAM,40,2.92256071356476,GMP_DPD,-13.9954607105447,-13.9666521538967,-12.1942522517645,19.963053215707,20.029374750887,24.5633381752874,-34.9123765360378,-34.1792582642878,-26.993406283606,0,3.158042159,"Static GMP-DPD baseline",3
S8,OFDM-QAM,64QAM,40,2.92256071356476,NN_DPD_Static,-13.6441713992487,-13.874204680319,-12.592717196625,20.7869815238252,20.2436940938857,23.4619519039496,-31.8658802064235,-31.8353114817544,-28.1096769308885,0,13.558087425,"Offline NN-DPD with fixed weights",3
S8,OFDM-QAM,64QAM,40,2.92256071356476,RL_Adaptive_Policy,-13.473453818234,-13.8819205027363,-11.6853855149792,21.199582547695,20.2257192634839,26.045381566133,-31.7608838795681,-31.773323142415,-26.7934500493016,3,16.163170586,"Online NN-DPD adaptation",3
S2,OFDM-QAM,64QAM,40,2.92256071356476,No_DPD,-4.5722286466687,-1.23558874874397,-0.20076192855332,59.0729375349411,86.7402286369158,97.7151501206148,-20.0047663875229,-13.0064607152669,-13.425951819422,0,2.784566299,"Rupture brutale de puissance ou changement d IBO",4
S2,OFDM-QAM,64QAM,40,2.92256071356476,MP_DPD,-19.8056821326677,-12.1792511070169,-15.638602485727,10.2262379369115,24.6057974493521,16.5222761163694,-35.093930875617,-24.5313464117268,-31.3013323008065,0,2.816257413,"Static MP-DPD baseline",4
S2,OFDM-QAM,64QAM,40,2.92256071356476,GMP_DPD,-19.5982020827453,-12.1684990556276,-15.6442814628283,10.4734531863215,24.6362752271266,16.511477111933,-35.0572087571084,-24.5036627882281,-31.3870436126809,0,2.827621758,"Static GMP-DPD baseline",4
S2,OFDM-QAM,64QAM,40,2.92256071356476,NN_DPD_Static,-19.2036023542962,-12.5447809444147,-15.7803672978505,10.9602354104922,23.59179320761,16.2548001806614,-31.633496772996,-28.3027690002275,-29.2546500653283,0,13.28239767,"Offline NN-DPD with fixed weights",4
S2,OFDM-QAM,64QAM,40,2.92256071356476,NN_DPD_Adaptive,-19.1132475444359,-12.695899069911,-15.6239266066125,11.0748441352096,23.1848903611292,16.5502161319007,-31.5534697301947,-28.3180500873955,-29.3017289788376,6,17.960898175,"Online NN-DPD adaptation",4
S6,OFDM-QAM,64QAM,40,2.92256071356476,No_DPD,-4.04612016733961,-2.45143032479775,-0.301314978622763,62.7615978293335,75.4099206426218,96.5904637193928,-18.545118837903,-17.0467053776876,-12.4640407949285,0,3.059021382,"Dérive combinée thermique + puissance + mémoire + charge",4
S6,OFDM-QAM,64QAM,40,2.92256071356476,MP_DPD,-13.8761309131178,-13.7670173723092,-12.7631665585817,20.2392052337109,20.495057041934,23.0060294857681,-34.5148907528291,-33.0533528131326,-30.4419048372084,0,3.092813593,"Static MP-DPD baseline",4
S6,OFDM-QAM,64QAM,40,2.92256071356476,GMP_DPD,-13.8068223148479,-13.7326437408714,-12.7552532811183,20.4013489527493,20.5763250967111,23.0269986733983,-34.4858432682665,-32.9739553329369,-30.5136909380904,0,3.103719264,"Static GMP-DPD baseline",4
S6,OFDM-QAM,64QAM,40,2.92256071356476,NN_DPD_Static,-13.590958845184,-13.8505116313682,-12.659355377279,20.9147201439696,20.2989894770216,23.2826404321419,-31.1833939607237,-32.0869459510317,-28.3004129799315,0,13.587361307,"Offline NN-DPD with fixed weights",4
S6,OFDM-QAM,64QAM,40,2.92256071356476,NN_DPD_Adaptive,-13.5690845117579,-13.8091451660739,-12.7165227321601,20.9674576455702,20.3958937876079,23.1299057652218,-31.0948754897238,-32.1325802035435,-28.4469485662433,7,19.14566494,"Online NN-DPD adaptation",4
S7,5GNR,256QAM,50,2.92256071356476,No_DPD,-4.13020895766456,-2.15480300232804,-0.376196766573427,62.1569294393013,78.0296843134545,95.7613283345868,-19.4915466625224,-14.2797380612832,-11.9341106505293,0,4.536469974,"Stress test 5G NR avec variation de bande, modulation et numérologie",4
S7,5GNR,256QAM,50,2.92256071356476,MP_DPD,-13.7554798457708,-13.4193218087792,-11.9682667280229,20.5222988549396,21.3321146704847,25.2108021178723,-34.8277295622026,-31.1393287263288,-27.1130442684506,0,4.570252747,"Static MP-DPD baseline",4
S7,5GNR,256QAM,50,2.92256071356476,GMP_DPD,-13.7105038621485,-13.4006288304763,-11.9731832447177,20.6288399743755,21.3780731352527,25.1965359619041,-35.1458252575543,-31.4224250214418,-27.1808273272789,0,4.585248262,"Static GMP-DPD baseline",4
S7,5GNR,256QAM,50,2.92256071356476,NN_DPD_Static,-13.4103880983019,-13.5910938649308,-12.1918599350273,21.3540667081048,20.9143950329691,24.5701044802588,-32.4689253363987,-31.4709518966429,-28.2552381464054,0,19.094571838,"Offline NN-DPD with fixed weights",4
S7,5GNR,256QAM,50,2.92256071356476,NN_DPD_Adaptive,-13.3698187282007,-13.5532944099613,-12.4527177251731,21.4540388925646,21.0056091097194,23.8431765036946,-32.2078917359508,-31.7472305783511,-29.4772841389806,9,26.047631145,"Online NN-DPD adaptation",4
S8,OFDM-QAM,64QAM,40,2.92256071356476,No_DPD,-4.04612016733961,-2.45143032479775,-0.301314978622763,62.7615978293335,75.4099206426218,96.5904637193928,-18.545118837903,-17.0467053776876,-12.4640407949285,0,3.353037617,"Optimisation de la politique d adaptation par RL ou heuristique",4
S8,OFDM-QAM,64QAM,40,2.92256071356476,MP_DPD,-13.8761309131178,-13.7670173723092,-12.7631665585817,20.2392052337109,20.495057041934,23.0060294857681,-34.5148907528291,-33.0533528131326,-30.4419048372084,0,3.382538746,"Static MP-DPD baseline",4
S8,OFDM-QAM,64QAM,40,2.92256071356476,GMP_DPD,-13.8068223148479,-13.7326437408714,-12.7552532811183,20.4013489527493,20.5763250967111,23.0269986733983,-34.4858432682665,-32.9739553329369,-30.5136909380904,0,3.393518249,"Static GMP-DPD baseline",4
S8,OFDM-QAM,64QAM,40,2.92256071356476,NN_DPD_Static,-13.590958845184,-13.8505116313682,-12.659355377279,20.9147201439696,20.2989894770216,23.2826404321419,-31.1833939607237,-32.0869459510317,-28.3004129799315,0,14.467862411,"Offline NN-DPD with fixed weights",4
S8,OFDM-QAM,64QAM,40,2.92256071356476,RL_Adaptive_Policy,-13.4611355797902,-13.8290549164503,-12.6383362313755,21.2296689044504,20.3491959682301,23.3390507534744,-31.1262171726103,-32.121306542958,-28.0768368535683,3,16.98116212,"Online NN-DPD adaptation",4
S2,OFDM-QAM,64QAM,40,2.92256071356476,No_DPD,-5.07219291991033,-0.842291527314036,-0.340809753558713,55.7686785610016,90.7581058893348,96.1522634984787,-22.5305802516075,-12.4605186461815,-13.0425733711327,0,2.816973019,"Rupture brutale de puissance ou changement d IBO",5
S2,OFDM-QAM,64QAM,40,2.92256071356476,MP_DPD,-20.2981878954012,-12.6193497297201,-15.7583347981765,9.66252443588853,23.3901234257396,16.2960842053824,-35.1226606596607,-28.5781751998416,-31.6586217442286,0,2.847294667,"Static MP-DPD baseline",5
S2,OFDM-QAM,64QAM,40,2.92256071356476,GMP_DPD,-20.0458838056125,-12.5045300753667,-15.7405771946088,9.94731359887082,23.7013725191897,16.3294343195622,-35.1525036926069,-27.2038904619901,-31.7656155768592,0,2.858754934,"Static GMP-DPD baseline",5
S2,OFDM-QAM,64QAM,40,2.92256071356476,NN_DPD_Static,-19.5398575992577,-12.6400579889267,-15.4665587090455,10.5440418266978,23.3344248364916,16.8527999110119,-32.8643526015064,-29.8732452477953,-29.5933559323273,0,13.351094405,"Offline NN-DPD with fixed weights",5
S2,OFDM-QAM,64QAM,40,2.92256071356476,NN_DPD_Adaptive,-19.3887175221716,-12.8003301434288,-15.8668454254351,10.7291205237424,22.9078058045164,16.093767713623,-32.741852244021,-30.0339917963794,-30.1641145103688,6,17.928358398,"Online NN-DPD adaptation",5
S6,OFDM-QAM,64QAM,40,2.92256071356476,No_DPD,-4.58039442573758,-1.83387040679132,-0.454342989721592,59.0174279784015,80.9667076026175,94.9036357465556,-20.9505603813444,-16.3034466108874,-12.1624788795018,0,3.516266633,"Dérive combinée thermique + puissance + mémoire + charge",5
S6,OFDM-QAM,64QAM,40,2.92256071356476,MP_DPD,-13.9652441597389,-13.9662940842256,-12.8740344077092,20.0326218021001,20.0302004647469,22.7142436276834,-34.6214912634333,-33.8952515203818,-30.8213848888708,0,3.551706299,"Static MP-DPD baseline",5
S6,OFDM-QAM,64QAM,40,2.92256071356476,GMP_DPD,-13.8861664394316,-13.9100887763918,-12.8646069569019,20.2158347103886,20.1602336526845,22.7389104925812,-34.6627477571136,-33.6423454997259,-30.9297908707817,0,3.563097226,"Static GMP-DPD baseline",5
S6,OFDM-QAM,64QAM,40,2.92256071356476,NN_DPD_Static,-13.6713189631108,-13.9178483518017,-12.5466070744682,20.7221136782457,20.1422314669826,23.5868337669612,-32.3650997409196,-32.2621371926125,-28.7491807650907,0,14.700582098,"Offline NN-DPD with fixed weights",5
S6,OFDM-QAM,64QAM,40,2.92256071356476,NN_DPD_Adaptive,-13.6336805983982,-13.931245835694,-12.6795260705866,20.8121031681357,20.1111871846152,23.2286353562802,-32.2371131248492,-32.2362357569934,-29.177173605009,7,20.160450642,"Online NN-DPD adaptation",5
S7,5GNR,256QAM,50,2.92256071356476,No_DPD,-4.13020895766456,-2.15480300232804,-0.376196766573427,62.1569294393013,78.0296843134545,95.7613283345868,-19.4915466625224,-14.2797380612832,-11.9341106505293,0,5.5009796,"Stress test 5G NR avec variation de bande, modulation et numérologie",5
S7,5GNR,256QAM,50,2.92256071356476,MP_DPD,-13.7554798457708,-13.4193218087792,-11.9682667280229,20.5222988549396,21.3321146704847,25.2108021178723,-34.8277295622026,-31.1393287263288,-27.1130442684506,0,5.541767984,"Static MP-DPD baseline",5
S7,5GNR,256QAM,50,2.92256071356476,GMP_DPD,-13.7105038621485,-13.4006288304763,-11.9731832447177,20.6288399743755,21.3780731352527,25.1965359619041,-35.1458252575543,-31.4224250214418,-27.1808273272789,0,5.558364879,"Static GMP-DPD baseline",5
S7,5GNR,256QAM,50,2.92256071356476,NN_DPD_Static,-13.4986715368179,-13.6277474789879,-12.1667566019764,21.138123120879,20.8263242648053,24.6412179417585,-31.6184461756498,-30.6446166144648,-27.3989108474141,0,21.947162721,"Offline NN-DPD with fixed weights",5
S7,5GNR,256QAM,50,2.92256071356476,NN_DPD_Adaptive,-13.4569349534831,-13.5474907815283,-12.4572026127829,21.2399383732981,21.0196490632719,23.8308684536445,-31.4119519379704,-31.0194900104664,-28.548837988141,9,29.533919004,"Online NN-DPD adaptation",5
S8,OFDM-QAM,64QAM,40,2.92256071356476,No_DPD,-4.58039442573758,-1.83387040679132,-0.454342989721592,59.0174279784015,80.9667076026175,94.9036357465556,-20.9505603813444,-16.3034466108874,-12.1624788795018,0,3.572721289,"Optimisation de la politique d adaptation par RL ou heuristique",5
S8,OFDM-QAM,64QAM,40,2.92256071356476,MP_DPD,-13.9652441597389,-13.9662940842256,-12.8740344077092,20.0326218021001,20.0302004647469,22.7142436276834,-34.6214912634333,-33.8952515203818,-30.8213848888708,0,3.602369676,"Static MP-DPD baseline",5
S8,OFDM-QAM,64QAM,40,2.92256071356476,GMP_DPD,-13.8861664394316,-13.9100887763918,-12.8646069569019,20.2158347103886,20.1602336526845,22.7389104925812,-34.6627477571136,-33.6423454997259,-30.9297908707817,0,3.619142477,"Static GMP-DPD baseline",5
S8,OFDM-QAM,64QAM,40,2.92256071356476,NN_DPD_Static,-13.6713189631108,-13.9178483518017,-12.5466070744682,20.7221136782457,20.1422314669826,23.5868337669612,-32.3650997409196,-32.2621371926125,-28.7491807650907,0,14.760436294,"Offline NN-DPD with fixed weights",5
S8,OFDM-QAM,64QAM,40,2.92256071356476,RL_Adaptive_Policy,-13.5400555559981,-13.9292575235441,-12.6246137628204,21.0376498378879,20.1157914216767,23.3759522715366,-32.2521613911393,-32.3114379650981,-29.0528134798187,3,17.636002686,"Online NN-DPD adaptation",5
S2,OFDM-QAM,64QAM,40,2.92256071356476,No_DPD,-4.66340725669412,-1.1613358613475,-0.263422973907296,58.4560730646658,87.484921593931,97.0127579725176,-20.4008374639959,-13.7934660435672,-12.1298451960756,0,3.121894062,"Rupture brutale de puissance ou changement d IBO",6
S2,OFDM-QAM,64QAM,40,2.92256071356476,MP_DPD,-20.3287739762743,-12.831616889661,-15.3257735263446,9.62855911647133,22.8254398659513,17.1281841558081,-35.1305780151791,-32.2935020152281,-30.1035755766365,0,3.151496675,"Static MP-DPD baseline",6
S2,OFDM-QAM,64QAM,40,2.92256071356476,GMP_DPD,-20.4234029491928,-12.8924161560552,-15.4834117354442,9.52422951604491,22.6662248250993,16.8201325237402,-35.1931973977448,-32.4825458020714,-30.3719225042292,0,3.163703747,"Static GMP-DPD baseline",6
S2,OFDM-QAM,64QAM,40,2.92256071356476,NN_DPD_Static,-19.2030598540282,-12.7354074563258,-15.4762049416829,10.960919982434,23.0796717179803,16.8340941941819,-32.5596133075066,-30.4548234151821,-29.0395414694304,0,14.198594766,"Offline NN-DPD with fixed weights",6
S2,OFDM-QAM,64QAM,40,2.92256071356476,NN_DPD_Adaptive,-19.0887706584078,-12.9184120971932,-15.8993974578659,11.1060971233617,22.5984886462094,16.0335661204409,-32.4323894830514,-30.4824792788023,-29.3739253895867,6,18.715973092,"Online NN-DPD adaptation",6
S6,OFDM-QAM,64QAM,40,2.92256071356476,No_DPD,-4.14282918149056,-2.20710110466569,-0.371188631221454,62.0666836733819,77.5612759110377,95.8165585989354,-18.7195905394963,-17.6250259258885,-11.0804151236555,0,3.405537073,"Dérive combinée thermique + puissance + mémoire + charge",6
S6,OFDM-QAM,64QAM,40,2.92256071356476,MP_DPD,-13.9753952193396,-14.0178586627078,-12.6791090349981,20.0092236741809,19.9116416131183,23.2297506594415,-34.4984200814915,-35.3799228834229,-29.1985710467442,0,3.41816155,"Static MP-DPD baseline",6
S6,OFDM-QAM,64QAM,40,2.92256071356476,GMP_DPD,-13.979035120689,-14.0885321117936,-12.7268998168909,20.0008403829989,19.7502862487343,23.1022888276651,-34.5452223899989,-35.4815495759661,-29.4655529213105,0,3.430010655,"Static GMP-DPD baseline",6
S6,OFDM-QAM,64QAM,40,2.92256071356476,NN_DPD_Static,-13.5572557086649,-14.0066606562393,-12.4980936817101,20.9960314470771,19.9373286171669,23.7189421528888,-32.1218583471098,-33.1341217532334,-28.0779403295658,0,14.581914531,"Offline NN-DPD with fixed weights",6
S6,OFDM-QAM,64QAM,40,2.92256071356476,NN_DPD_Adaptive,-13.5287854660006,-14.0212463201153,-12.7169870488091,21.064964264116,19.9038772193017,23.1286693560871,-31.9797309845383,-33.0159196545635,-28.3787072231116,7,20.091712809,"Online NN-DPD adaptation",6
S7,5GNR,256QAM,50,2.92256071356476,No_DPD,-4.13020895766456,-2.15480300232804,-0.376196766573427,62.1569294393013,78.0296843134545,95.7613283345868,-19.4915466625224,-14.2797380612832,-11.9341106505293,0,5.191923833,"Stress test 5G NR avec variation de bande, modulation et numérologie",6
S7,5GNR,256QAM,50,2.92256071356476,MP_DPD,-13.7554798457708,-13.4193218087792,-11.9682667280229,20.5222988549396,21.3321146704847,25.2108021178723,-34.8277295622026,-31.1393287263288,-27.1130442684506,0,5.229624088,"Static MP-DPD baseline",6
S7,5GNR,256QAM,50,2.92256071356476,GMP_DPD,-13.7105038621485,-13.4006288304763,-11.9731832447177,20.6288399743755,21.3780731352527,25.1965359619041,-35.1458252575543,-31.4224250214418,-27.1808273272789,0,5.246038624,"Static GMP-DPD baseline",6
S7,5GNR,256QAM,50,2.92256071356476,NN_DPD_Static,-13.4951526764109,-13.6199333056514,-12.1503637647558,21.1466884120169,20.8450688886079,24.6877671045841,-31.828697925044,-30.5934568213991,-27.4202609758978,0,20.696731682,"Offline NN-DPD with fixed weights",6
S7,5GNR,256QAM,50,2.92256071356476,NN_DPD_Adaptive,-13.454288273813,-13.5243569935856,-12.4347694268774,21.2464113865403,21.0757069055469,23.8924963676854,-31.6105703949026,-31.2445659861667,-28.9259126221522,9,28.452730839,"Online NN-DPD adaptation",6
S8,OFDM-QAM,64QAM,40,2.92256071356476,No_DPD,-4.14282918149056,-2.20710110466569,-0.371188631221454,62.0666836733819,77.5612759110377,95.8165585989354,-18.7195905394963,-17.6250259258885,-11.0804151236555,0,3.409757428,"Optimisation de la politique d adaptation par RL ou heuristique",6
S8,OFDM-QAM,64QAM,40,2.92256071356476,MP_DPD,-13.9753952193396,-14.0178586627078,-12.6791090349981,20.0092236741809,19.9116416131183,23.2297506594415,-34.4984200814915,-35.3799228834229,-29.1985710467442,0,3.43863049,"Static MP-DPD baseline",6
S8,OFDM-QAM,64QAM,40,2.92256071356476,GMP_DPD,-13.979035120689,-14.0885321117936,-12.7268998168909,20.0008403829989,19.7502862487343,23.1022888276651,-34.5452223899989,-35.4815495759661,-29.4655529213105,0,3.450571932,"Static GMP-DPD baseline",6
S8,OFDM-QAM,64QAM,40,2.92256071356476,NN_DPD_Static,-13.5572557086649,-14.0066606562393,-12.4980936817101,20.9960314470771,19.9373286171669,23.7189421528888,-32.1218583471098,-33.1341217532334,-28.0779403295658,0,14.552302057,"Offline NN-DPD with fixed weights",6
S8,OFDM-QAM,64QAM,40,2.92256071356476,RL_Adaptive_Policy,-13.4339731293885,-14.0690934620022,-12.6241694050127,21.2961620837213,19.7945360413727,23.3771481827259,-32.0185369751753,-33.096533450594,-28.2696659842315,3,17.181077233,"Online NN-DPD adaptation",6
S2,OFDM-QAM,64QAM,40,2.92256071356476,No_DPD,-5.57810903846749,-0.830991746621303,-0.499934647165379,52.6131795441698,90.8762531499763,94.4067979448523,-22.4417423891336,-13.1810377992109,-12.5067569135693,0,3.227685301,"Rupture brutale de puissance ou changement d IBO",7
S2,OFDM-QAM,64QAM,40,2.92256071356476,MP_DPD,-20.4691473254189,-12.6735770520359,-15.7765123271217,9.47420186084202,23.2445502391493,16.2620159857016,-35.050391649424,-30.3390801049341,-30.7046203312606,0,3.2549503,"Static MP-DPD baseline",7
S2,OFDM-QAM,64QAM,40,2.92256071356476,GMP_DPD,-20.7414594633196,-12.774324845233,-16.1620995368311,9.18178304844965,22.9764938752878,15.5558957198468,-34.7442711405376,-30.2769220161987,-30.8856531257296,0,3.267373099,"Static GMP-DPD baseline",7
S2,OFDM-QAM,64QAM,40,2.92256071356476,NN_DPD_Static,-19.0697550859902,-12.5325060770097,-15.4962696579266,11.1304377659581,23.6251566122812,16.7952517145293,-32.3769360538731,-29.4023167196725,-29.1065619589267,0,14.471467389,"Offline NN-DPD with fixed weights",7
S2,OFDM-QAM,64QAM,40,2.92256071356476,NN_DPD_Adaptive,-18.6856002657194,-12.6194928851338,-15.637741052765,11.6337569592619,23.3897379274959,16.5239148131118,-31.4737551283589,-29.4554243888362,-29.7945689377782,6,19.595641655,"Online NN-DPD adaptation",7
S6,OFDM-QAM,64QAM,40,2.92256071356476,No_DPD,-5.14250139863797,-1.69983959437266,-0.642197488826178,55.3190776092731,82.2257834755012,92.8731392423541,-21.0050694220719,-16.2234635189468,-11.6462266775125,0,3.541938522,"Dérive combinée thermique + puissance + mémoire + charge",7
S6,OFDM-QAM,64QAM,40,2.92256071356476,MP_DPD,-13.97679030812,-13.8907763867568,-12.8614884811044,20.006010140165,20.2051082090697,22.7470758591671,-34.5086600145596,-34.9017545588957,-29.798989907363,0,3.572171601,"Static MP-DPD baseline",7
S6,OFDM-QAM,64QAM,40,2.92256071356476,GMP_DPD,-13.9950564871401,-14.0103291996796,-12.9827132659361,19.9639822766834,19.9289097314163,22.4318109775009,-34.2302379847618,-34.6586605592408,-29.9183432741269,0,3.584326271,"Static GMP-DPD baseline",7
S6,OFDM-QAM,64QAM,40,2.92256071356476,NN_DPD_Static,-13.5397703901332,-13.7021677263011,-12.5785771239353,21.0383405349083,20.6486476585779,23.5001775668005,-31.875582696749,-32.5068368940592,-28.1366626972053,0,15.033120382,"Offline NN-DPD with fixed weights",7
S6,OFDM-QAM,64QAM,40,2.92256071356476,NN_DPD_Adaptive,-13.4205605559446,-13.6733472105136,-12.6430854168791,21.3290725857416,20.7172754097199,23.3262931443824,-30.959340272317,-32.3225936171644,-28.4740769867591,7,21.043181584,"Online NN-DPD adaptation",7
S7,5GNR,256QAM,50,2.92256071356476,No_DPD,-4.13020895766456,-2.15480300232804,-0.376196766573427,62.1569294393013,78.0296843134545,95.7613283345868,-19.4915466625224,-14.2797380612832,-11.9341106505293,0,5.76818552,"Stress test 5G NR avec variation de bande, modulation et numérologie",7
S7,5GNR,256QAM,50,2.92256071356476,MP_DPD,-13.7554798457708,-13.4193218087792,-11.9682667280229,20.5222988549396,21.3321146704847,25.2108021178723,-34.8277295622026,-31.1393287263288,-27.1130442684506,0,5.80602768,"Static MP-DPD baseline",7
S7,5GNR,256QAM,50,2.92256071356476,GMP_DPD,-13.7105038621485,-13.4006288304763,-11.9731832447177,20.6288399743755,21.3780731352527,25.1965359619041,-35.1458252575543,-31.4224250214418,-27.1808273272789,0,5.82367842,"Static GMP-DPD baseline",7
S7,5GNR,256QAM,50,2.92256071356476,NN_DPD_Static,-13.4170847844209,-13.2382066435492,-11.8650412462956,21.3376093990362,21.7815944570031,25.5122015763726,-31.4568404881498,-29.9872533488327,-26.4932593284669,0,31.624686683,"Offline NN-DPD with fixed weights",7
S7,5GNR,256QAM,50,2.92256071356476,NN_DPD_Adaptive,-13.3780037707844,-13.1521753140269,-12.0943691937311,21.4338314622479,21.9984070751513,24.8474336919379,-31.2487391372751,-31.213664886113,-29.1213452764105,10,44.863877295,"Online NN-DPD adaptation",7
S8,OFDM-QAM,64QAM,40,2.92256071356476,No_DPD,-5.14250139863797,-1.69983959437266,-0.642197488826178,55.3190776092731,82.2257834755012,92.8731392423541,-21.0050694220719,-16.2234635189468,-11.6462266775125,0,4.543476384,"Optimisation de la politique d adaptation par RL ou heuristique",7
S8,OFDM-QAM,64QAM,40,2.92256071356476,MP_DPD,-13.97679030812,-13.8907763867568,-12.8614884811044,20.006010140165,20.2051082090697,22.7470758591671,-34.5086600145596,-34.9017545588957,-29.798989907363,0,4.583148513,"Static MP-DPD baseline",7
S8,OFDM-QAM,64QAM,40,2.92256071356476,GMP_DPD,-13.9950564871401,-14.0103291996796,-12.9827132659361,19.9639822766834,19.9289097314163,22.4318109775009,-34.2302379847618,-34.6586605592408,-29.9183432741269,0,4.597872287,"Static GMP-DPD baseline",7
S8,OFDM-QAM,64QAM,40,2.92256071356476,NN_DPD_Static,-13.5397703901332,-13.7021677263011,-12.5785771239353,21.0383405349083,20.6486476585779,23.5001775668005,-31.875582696749,-32.5068368940592,-28.1366626972053,0,19.656325844,"Offline NN-DPD with fixed weights",7
S8,OFDM-QAM,64QAM,40,2.92256071356476,RL_Adaptive_Policy,-13.2818679520809,-13.6328814751981,-12.6040835561321,21.6723797731927,20.8140180208759,23.4312696617781,-31.0002150574042,-32.4806774361474,-28.4747409123925,4,24.159516453,"Online NN-DPD adaptation",7
S2,OFDM-QAM,64QAM,40,2.92256071356476,No_DPD,-3.83859018398071,-0.971370087024093,-0.218119229689349,64.2792041112707,89.4193473324329,97.5200776723873,-16.9618242584545,-12.5524878013146,-12.3443055314917,0,4.474989602,"Rupture brutale de puissance ou changement d IBO",8
S2,OFDM-QAM,64QAM,40,2.92256071356476,MP_DPD,-20.8250989868777,-12.9129996717799,-15.7652877739787,9.09379271572498,22.6125747969101,16.2830445576726,-35.4057844931097,-31.4065873067401,-30.2517052363514,0,4.516632134,"Static MP-DPD baseline",8
S2,OFDM-QAM,64QAM,40,2.92256071356476,GMP_DPD,-21.0369617255914,-13.0465599965875,-16.2269985311351,8.87466388406637,22.2675276454405,15.4400987437488,-35.0445510427008,-31.6461748009861,-30.5677654467052,0,4.533044007,"Static GMP-DPD baseline",8
S2,OFDM-QAM,64QAM,40,2.92256071356476,NN_DPD_Static,-19.2286197553498,-12.6711155091292,-15.7289257811016,10.9287127778246,23.2511385759229,16.3513536239075,-32.3362741116161,-29.9961741413573,-29.5790830220936,0,20.881476769,"Offline NN-DPD with fixed weights",8
S2,OFDM-QAM,64QAM,40,2.92256071356476,NN_DPD_Adaptive,-19.069191945238,-12.819232654068,-16.113605196358,11.1311594198763,22.8580073115602,15.6429890097356,-32.0842315898544,-30.0491088985289,-30.0816148906804,6,28.519684383,"Online NN-DPD adaptation",8
S6,OFDM-QAM,64QAM,40,2.92256071356476,No_DPD,-3.39734380280191,-2.42041413682605,-0.308859904103438,67.6289757240755,75.6796810645734,96.506597649959,-15.8700674620731,-16.9147027340139,-11.0864120737296,0,5.569260289,"Dérive combinée thermique + puissance + mémoire + charge",8
S6,OFDM-QAM,64QAM,40,2.92256071356476,MP_DPD,-14.0340403490124,-14.2180365425485,-12.8254216198175,19.8745810462139,19.457998826858,22.8417260735695,-34.888312486697,-35.3299196923188,-29.3708366425479,0,5.612640075,"Static MP-DPD baseline",8
S6,OFDM-QAM,64QAM,40,2.92256071356476,GMP_DPD,-14.0311762193606,-14.3551145133778,-12.9605668372904,19.8811356727864,19.1533292492445,22.4890783832264,-34.5589765331355,-35.0840881972501,-29.6183545384801,0,5.629590972,"Static GMP-DPD baseline",8
S6,OFDM-QAM,64QAM,40,2.92256071356476,NN_DPD_Static,-13.5711470443371,-13.9083276992364,-12.6080614662301,20.9624793494893,20.164321584707,23.4205412104573,-31.9276725607228,-32.4739340456819,-28.5613928399662,0,22.306163758,"Offline NN-DPD with fixed weights",8
S6,OFDM-QAM,64QAM,40,2.92256071356476,NN_DPD_Adaptive,-13.527957695161,-13.9019393544336,-12.8349742254657,21.0669718643485,20.1791576035099,22.8166189090544,-31.6662989665909,-32.4922654161334,-29.2124062844681,6,29.608886851,"Online NN-DPD adaptation",8
S7,5GNR,256QAM,50,2.92256071356476,No_DPD,-4.13020895766456,-2.15480300232804,-0.376196766573427,62.1569294393013,78.0296843134545,95.7613283345868,-19.4915466625224,-14.2797380612832,-11.9341106505293,0,8.098534918,"Stress test 5G NR avec variation de bande, modulation et numérologie",8
S7,5GNR,256QAM,50,2.92256071356476,MP_DPD,-13.7554798457708,-13.4193218087792,-11.9682667280229,20.5222988549396,21.3321146704847,25.2108021178723,-34.8277295622026,-31.1393287263288,-27.1130442684506,0,8.148854744,"Static MP-DPD baseline",8
S7,5GNR,256QAM,50,2.92256071356476,GMP_DPD,-13.7105038621485,-13.4006288304763,-11.9731832447177,20.6288399743755,21.3780731352527,25.1965359619041,-35.1458252575543,-31.4224250214418,-27.1808273272789,0,8.172368111,"Static GMP-DPD baseline",8
S7,5GNR,256QAM,50,2.92256071356476,NN_DPD_Static,-13.3816716310091,-13.375056592977,-11.9726191848902,21.424782337227,21.4411053320682,25.198172272726,-32.3507272315134,-31.2272636358025,-27.5118333037538,0,30.089066585,"Offline NN-DPD with fixed weights",8
S7,5GNR,256QAM,50,2.92256071356476,NN_DPD_Adaptive,-13.3437149471567,-13.3125014501768,-12.3059589887517,21.518611887923,21.596079994974,24.2494588061746,-32.1064360575632,-31.9687149131824,-29.3947908587823,8,39.745241012,"Online NN-DPD adaptation",8
S8,OFDM-QAM,64QAM,40,2.92256071356476,No_DPD,-3.39734380280191,-2.42041413682605,-0.308859904103438,67.6289757240755,75.6796810645734,96.506597649959,-15.8700674620731,-16.9147027340139,-11.0864120737296,0,4.64665711,"Optimisation de la politique d adaptation par RL ou heuristique",8
S8,OFDM-QAM,64QAM,40,2.92256071356476,MP_DPD,-14.0340403490124,-14.2180365425485,-12.8254216198175,19.8745810462139,19.457998826858,22.8417260735695,-34.888312486697,-35.3299196923188,-29.3708366425479,0,4.682348407,"Static MP-DPD baseline",8
S8,OFDM-QAM,64QAM,40,2.92256071356476,GMP_DPD,-14.0311762193606,-14.3551145133778,-12.9605668372904,19.8811356727864,19.1533292492445,22.4890783832264,-34.5589765331355,-35.0840881972501,-29.6183545384801,0,4.697744486,"Static GMP-DPD baseline",8
S8,OFDM-QAM,64QAM,40,2.92256071356476,NN_DPD_Static,-13.5711470443371,-13.9083276992364,-12.6080614662301,20.9624793494893,20.164321584707,23.4205412104573,-31.9276725607228,-32.4739340456819,-28.5613928399662,0,19.217583783,"Offline NN-DPD with fixed weights",8
S8,OFDM-QAM,64QAM,40,2.92256071356476,RL_Adaptive_Policy,-13.4087044759222,-13.9527143992227,-12.6702214347643,21.358206257502,20.0615405534445,23.2535320344827,-31.7056265092733,-32.4650608508089,-28.7834004685705,3,22.592204768,"Online NN-DPD adaptation",8
S2,OFDM-QAM,64QAM,40,2.92256071356476,No_DPD,-5.48593668373237,-0.805006231521715,-0.242112094917442,53.1744694995056,91.1485340864401,97.2510715511396,-23.4505349535234,-13.3000663680701,-12.8555331910095,0,4.209159621,"Rupture brutale de puissance ou changement d IBO",9
S2,OFDM-QAM,64QAM,40,2.92256071356476,MP_DPD,-20.8722105753953,-12.7657857706279,-15.6964830257843,9.04460221601427,22.9990931110616,16.4125419336452,-35.0366908631482,-31.1407765214838,-30.7679830329372,0,4.250152897,"Static MP-DPD baseline",9
S2,OFDM-QAM,64QAM,40,2.92256071356476,GMP_DPD,-20.4628774070579,-12.7248834512779,-15.6793563435026,9.48104329214107,23.1076524772214,16.4449358174697,-34.9224021995906,-31.1502345251222,-30.9276719114097,0,4.265092571,"Static GMP-DPD baseline",9
S2,OFDM-QAM,64QAM,40,2.92256071356476,NN_DPD_Static,-18.8242466898834,-12.3840680264216,-15.2779113401474,11.4495301616315,24.0323698311311,17.222826753665,-31.9653150459172,-29.290574530619,-29.5259667379362,0,18.511377712,"Offline NN-DPD with fixed weights",9
S2,OFDM-QAM,64QAM,40,2.92256071356476,NN_DPD_Adaptive,-18.7239167331216,-12.6210650206224,-15.9565997695924,11.5825494582151,23.3855047964099,15.9283214463614,-31.8516128056401,-29.3568259688209,-29.8241781780054,6,24.080089274,"Online NN-DPD adaptation",9
S6,OFDM-QAM,64QAM,40,2.92256071356476,No_DPD,-5.02057321824076,-1.93821938100265,-0.306798654249847,56.1010951348129,79.9998238907352,96.529502363673,-21.9571375507105,-17.2935904915731,-12.0996870496486,0,4.641815831,"Dérive combinée thermique + puissance + mémoire + charge",9
S6,OFDM-QAM,64QAM,40,2.92256071356476,MP_DPD,-14.0417748080931,-13.9989436261546,-12.8009342183352,19.8568913540813,19.9550499259762,22.9062126977604,-34.5843121297986,-34.4999526494161,-29.9966012262552,0,4.680243423,"Static MP-DPD baseline",9
S6,OFDM-QAM,64QAM,40,2.92256071356476,GMP_DPD,-13.938355982541,-13.9262214846694,-12.7889742719816,20.0947311864569,20.1228238618821,22.93777489625,-34.4802862827336,-34.4278767993137,-30.1111594412297,0,4.694746636,"Static GMP-DPD baseline",9
S6,OFDM-QAM,64QAM,40,2.92256071356476,NN_DPD_Static,-13.4687373078937,-13.5812615284769,-12.4837663101792,21.2110972233988,20.9380833148696,23.7580988241902,-31.5619030505625,-32.0132932441642,-28.6029151856492,0,18.714769822,"Offline NN-DPD with fixed weights",9
S6,OFDM-QAM,64QAM,40,2.92256071356476,NN_DPD_Adaptive,-13.445068027965,-13.6955851059996,-12.8075409322664,21.268976852567,20.6643022121613,22.8887962602001,-31.4479544029663,-32.0315852627326,-29.1070400242505,5,24.891451162,"Online NN-DPD adaptation",9
S7,5GNR,256QAM,50,2.92256071356476,No_DPD,-4.13020895766456,-2.15480300232804,-0.376196766573427,62.1569294393013,78.0296843134545,95.7613283345868,-19.4915466625224,-14.2797380612832,-11.9341106505293,0,6.73260503,"Stress test 5G NR avec variation de bande, modulation et numérologie",9
S7,5GNR,256QAM,50,2.92256071356476,MP_DPD,-13.7554798457708,-13.4193218087792,-11.9682667280229,20.5222988549396,21.3321146704847,25.2108021178723,-34.8277295622026,-31.1393287263288,-27.1130442684506,0,6.773167336,"Static MP-DPD baseline",9
S7,5GNR,256QAM,50,2.92256071356476,GMP_DPD,-13.7105038621485,-13.4006288304763,-11.9731832447177,20.6288399743755,21.3780731352527,25.1965359619041,-35.1458252575543,-31.4224250214418,-27.1808273272789,0,6.792932666,"Static GMP-DPD baseline",9
S7,5GNR,256QAM,50,2.92256071356476,NN_DPD_Static,-13.3566152973834,-13.4977413597618,-11.9223730455507,21.4866760013006,21.1403869361945,25.344361103026,-31.3766528033256,-29.6430456989231,-26.2266194563212,0,26.147460251,"Offline NN-DPD with fixed weights",9
S7,5GNR,256QAM,50,2.92256071356476,NN_DPD_Adaptive,-13.3175469465984,-13.5080095932675,-12.3216185724449,21.5835388152478,21.1154100853285,24.2057794201548,-31.1819864375259,-30.109430534539,-27.7479120318107,9,35.051675692,"Online NN-DPD adaptation",9
S8,OFDM-QAM,64QAM,40,2.92256071356476,No_DPD,-5.02057321824076,-1.93821938100265,-0.306798654249847,56.1010951348129,79.9998238907352,96.529502363673,-21.9571375507105,-17.2935904915731,-12.0996870496486,0,4.447835828,"Optimisation de la politique d adaptation par RL ou heuristique",9
S8,OFDM-QAM,64QAM,40,2.92256071356476,MP_DPD,-14.0417748080931,-13.9989436261546,-12.8009342183352,19.8568913540813,19.9550499259762,22.9062126977604,-34.5843121297986,-34.4999526494161,-29.9966012262552,0,4.483594957,"Static MP-DPD baseline",9
S8,OFDM-QAM,64QAM,40,2.92256071356476,GMP_DPD,-13.938355982541,-13.9262214846694,-12.7889742719816,20.0947311864569,20.1228238618821,22.93777489625,-34.4802862827336,-34.4278767993137,-30.1111594412297,0,4.497836952,"Static GMP-DPD baseline",9
S8,OFDM-QAM,64QAM,40,2.92256071356476,NN_DPD_Static,-13.4687373078937,-13.5812615284769,-12.4837663101792,21.2110972233988,20.9380833148696,23.7580988241902,-31.5619030505625,-32.0132932441642,-28.6029151856492,0,18.152334991,"Offline NN-DPD with fixed weights",9
S8,OFDM-QAM,64QAM,40,2.92256071356476,RL_Adaptive_Policy,-13.3886446327853,-13.7972706893313,-12.6971985332239,21.4075894991125,20.4237960752619,23.1814220162453,-31.4058250327576,-32.001608824001,-28.916683100646,4,22.087756981,"Online NN-DPD adaptation",9
S2,OFDM-QAM,64QAM,40,2.92256071356476,No_DPD,-5.32312457101228,-0.670709971744426,-0.413869320491093,54.1805951739814,92.5687717686445,95.3468904537069,-22.7163588592992,-12.7401089011127,-13.2076231646377,0,4.182537259,"Rupture brutale de puissance ou changement d IBO",10
S2,OFDM-QAM,64QAM,40,2.92256071356476,MP_DPD,-20.2051836424965,-12.2051295687826,-15.6874208757654,9.76654190622933,24.5325968234084,16.4296743792889,-35.2750630039728,-24.7791158775026,-30.6005986964371,0,4.218243639,"Static MP-DPD baseline",10
S2,OFDM-QAM,64QAM,40,2.92256071356476,GMP_DPD,-20.0366718151271,-12.2362328460042,-15.7253049440026,9.95786901364633,24.4449052190184,16.3581713400367,-35.3110775092215,-24.9309047215575,-30.687197597233,0,4.233036363,"Static GMP-DPD baseline",10
S2,OFDM-QAM,64QAM,40,2.92256071356476,NN_DPD_Static,-18.8127127742703,-12.44718155075,-15.5193668982875,11.4647439898388,23.8583784076045,16.75064964597,-32.5531687321473,-29.8157999235544,-29.8506199725843,0,18.061898737,"Offline NN-DPD with fixed weights",10
S2,OFDM-QAM,64QAM,40,2.92256071356476,NN_DPD_Adaptive,-18.7045863140038,-12.5168534763038,-16.1812088548633,11.6083550888569,23.6677692354563,15.5217097221379,-32.3602247169276,-28.8520018464379,-30.1474273952666,6,23.718934462,"Online NN-DPD adaptation",10
S6,OFDM-QAM,64QAM,40,2.92256071356476,No_DPD,-4.82681497513637,-1.6091624196059,-0.523937850645198,57.366618537157,83.0886837262039,94.1462676532743,-20.9442919327993,-15.7897745965375,-12.3665227858435,0,4.60203707,"Dérive combinée thermique + puissance + mémoire + charge",10
S6,OFDM-QAM,64QAM,40,2.92256071356476,MP_DPD,-13.9205751428828,-13.4937064706386,-12.8035611889659,20.1359091397229,21.150209641305,22.8992859634935,-34.707668112696,-28.5941015173733,-29.7943961600705,0,4.640455382,"Static MP-DPD baseline",10
S6,OFDM-QAM,64QAM,40,2.92256071356476,GMP_DPD,-13.8576535475586,-13.513990152681,-12.7957075765037,20.2823056251499,21.1008763409607,22.9200004158407,-34.7755962319421,-28.7387516900153,-29.8662060865079,0,4.654368911,"Static GMP-DPD baseline",10
S6,OFDM-QAM,64QAM,40,2.92256071356476,NN_DPD_Static,-13.4959286275862,-13.6124441511853,-12.5904975718451,21.1447993637449,20.8630496905864,23.4679482251683,-32.1518716139189,-32.7564920389518,-28.8449502313411,0,18.261003665,"Offline NN-DPD with fixed weights",10
S6,OFDM-QAM,64QAM,40,2.92256071356476,NN_DPD_Adaptive,-13.470521770016,-13.65157996925,-12.8679294106491,21.2067399827077,20.7692589697259,22.7302142583228,-31.9419569198059,-32.191310655627,-29.0720323764841,6,24.364806971,"Online NN-DPD adaptation",10
S7,5GNR,256QAM,50,2.92256071356476,No_DPD,-4.13020895766456,-2.15480300232804,-0.376196766573427,62.1569294393013,78.0296843134545,95.7613283345868,-19.4915466625224,-14.2797380612832,-11.9341106505293,0,6.87611931,"Stress test 5G NR avec variation de bande, modulation et numérologie",10
S7,5GNR,256QAM,50,2.92256071356476,MP_DPD,-13.7554798457708,-13.4193218087792,-11.9682667280229,20.5222988549396,21.3321146704847,25.2108021178723,-34.8277295622026,-31.1393287263288,-27.1130442684506,0,6.918641623,"Static MP-DPD baseline",10
S7,5GNR,256QAM,50,2.92256071356476,GMP_DPD,-13.7105038621485,-13.4006288304763,-11.9731832447177,20.6288399743755,21.3780731352527,25.1965359619041,-35.1458252575543,-31.4224250214418,-27.1808273272789,0,6.93736626,"Static GMP-DPD baseline",10
S7,5GNR,256QAM,50,2.92256071356476,NN_DPD_Static,-13.3872730946339,-13.5156501139387,-12.1089544412385,21.4109701135587,21.0968441356333,24.8057451739335,-32.7290246943973,-31.7480276413876,-28.2148596398114,0,26.466172444,"Offline NN-DPD with fixed weights",10
S7,5GNR,256QAM,50,2.92256071356476,NN_DPD_Adaptive,-13.3478194874096,-13.4692747441564,-12.3590630679682,21.5084456128752,21.2097848350738,24.1016539507658,-32.4699989295698,-32.0162551512313,-29.3927897972462,9,35.510761609,"Online NN-DPD adaptation",10
S8,OFDM-QAM,64QAM,40,2.92256071356476,No_DPD,-4.82681497513637,-1.6091624196059,-0.523937850645198,57.366618537157,83.0886837262039,94.1462676532743,-20.9442919327993,-15.7897745965375,-12.3665227858435,0,4.375058575,"Optimisation de la politique d adaptation par RL ou heuristique",10
S8,OFDM-QAM,64QAM,40,2.92256071356476,MP_DPD,-13.9205751428828,-13.4937064706386,-12.8035611889659,20.1359091397229,21.150209641305,22.8992859634935,-34.707668112696,-28.5941015173733,-29.7943961600705,0,4.411476275,"Static MP-DPD baseline",10
S8,OFDM-QAM,64QAM,40,2.92256071356476,GMP_DPD,-13.8576535475586,-13.513990152681,-12.7957075765037,20.2823056251499,21.1008763409607,22.9200004158407,-34.7755962319421,-28.7387516900153,-29.8662060865079,0,4.425578059,"Static GMP-DPD baseline",10
S8,OFDM-QAM,64QAM,40,2.92256071356476,NN_DPD_Static,-13.4959286275862,-13.6124441511853,-12.5904975718451,21.1447993637449,20.8630496905864,23.4679482251683,-32.1518716139189,-32.7564920389518,-28.8449502313411,0,18.235051925,"Offline NN-DPD with fixed weights",10
S8,OFDM-QAM,64QAM,40,2.92256071356476,RL_Adaptive_Policy,-13.4046725369922,-13.7598006694653,-12.7636440461584,21.3681229127902,20.5120925102683,23.0047648149294,-31.9683309638912,-32.308587042122,-29.0900316035287,3,21.558201884,"Online NN-DPD adaptation",10
